trans_id,account_id,date,operation,amount
816173.00,2779.00,1993-12-02,VYBER,800.00
816174.00,2779.00,1994-12-29,VYBER,2400.00
816175.00,2779.00,1995-12-05,VYBER,4320.00
816181.00,2779.00,1993-11-20,VYBER,600.00
816185.00,2779.00,1994-02-24,VYBER,3480.00
816186.00,2779.00,1994-12-17,VYBER,1560.00
816187.00,2779.00,1994-09-01,VYBER,1440.00
816188.00,2779.00,1994-08-28,VYBER,4680.00
816189.00,2779.00,1994-08-17,VYBER,1440.00
816190.00,2779.00,1994-02-09,VYBER,2880.00
816191.00,2779.00,1994-05-03,VYBER,5400.00
816192.00,2779.00,1995-05-26,VYBER,2640.00
816193.00,2779.00,1995-06-25,VYBER,5040.00
816194.00,2779.00,1995-03-06,VYBER,3240.00
816195.00,2779.00,1996-03-25,VYBER,3240.00
816196.00,2779.00,1996-10-10,VYBER,4680.00
816203.00,2779.00,1998-01-24,VYBER,4560.00
816216.00,2779.00,1993-11-30,VYBER,15.00
816217.00,2779.00,1993-12-31,VYBER,15.00
816218.00,2779.00,1994-01-31,VYBER,15.00
816219.00,2779.00,1994-02-28,VYBER,15.00
816220.00,2779.00,1994-03-31,VYBER,15.00
816221.00,2779.00,1994-04-30,VYBER,15.00
816222.00,2779.00,1994-05-31,VYBER,15.00
816223.00,2779.00,1994-06-30,VYBER,15.00
816224.00,2779.00,1994-07-31,VYBER,15.00
816225.00,2779.00,1994-08-31,VYBER,15.00
816226.00,2779.00,1994-09-30,VYBER,15.00
816227.00,2779.00,1994-10-31,VYBER,15.00
816228.00,2779.00,1994-11-30,VYBER,15.00
816229.00,2779.00,1994-12-31,VYBER,15.00
816230.00,2779.00,1995-01-31,VYBER,15.00
816231.00,2779.00,1995-02-28,VYBER,15.00
816232.00,2779.00,1995-03-31,VYBER,15.00
816233.00,2779.00,1995-04-30,VYBER,15.00
816234.00,2779.00,1995-05-31,VYBER,15.00
816235.00,2779.00,1995-06-30,VYBER,15.00
816236.00,2779.00,1995-07-31,VYBER,15.00
816237.00,2779.00,1995-08-31,VYBER,15.00
816238.00,2779.00,1995-09-30,VYBER,15.00
816239.00,2779.00,1995-10-31,VYBER,15.00
816240.00,2779.00,1995-11-30,VYBER,15.00
816241.00,2779.00,1995-12-31,VYBER,15.00
816242.00,2779.00,1996-01-31,VYBER,15.00
816243.00,2779.00,1996-02-29,VYBER,15.00
816244.00,2779.00,1996-03-31,VYBER,15.00
816245.00,2779.00,1996-04-30,VYBER,15.00
816246.00,2779.00,1996-05-31,VYBER,15.00
816247.00,2779.00,1996-06-30,VYBER,15.00
816248.00,2779.00,1996-07-31,VYBER,15.00
816249.00,2779.00,1996-08-31,VYBER,15.00
816250.00,2779.00,1996-09-30,VYBER,15.00
816251.00,2779.00,1996-10-31,VYBER,15.00
816252.00,2779.00,1996-11-30,VYBER,15.00
816253.00,2779.00,1996-12-31,VYBER,15.00
816254.00,2779.00,1997-01-31,VYBER,15.00
816255.00,2779.00,1997-02-28,VYBER,15.00
816256.00,2779.00,1997-03-31,VYBER,15.00
816257.00,2779.00,1997-04-30,VYBER,15.00
816258.00,2779.00,1997-05-31,VYBER,15.00
816259.00,2779.00,1997-06-30,VYBER,15.00
816260.00,2779.00,1997-07-31,VYBER,15.00
816261.00,2779.00,1997-08-31,VYBER,15.00
816262.00,2779.00,1997-09-30,VYBER,15.00
816263.00,2779.00,1997-10-31,VYBER,15.00
816264.00,2779.00,1997-11-30,VYBER,15.00
816265.00,2779.00,1997-12-31,VYBER,15.00
816266.00,2779.00,1998-01-31,VYBER,15.00
816267.00,2779.00,1998-02-28,VYBER,15.00
816268.00,2779.00,1998-03-31,VYBER,15.00
816269.00,2779.00,1998-04-30,VYBER,15.00
816270.00,2779.00,1998-05-31,VYBER,15.00
816271.00,2779.00,1998-06-30,VYBER,15.00
816272.00,2779.00,1998-07-31,VYBER,15.00
816273.00,2779.00,1998-08-31,VYBER,15.00
816274.00,2779.00,1998-09-30,VYBER,15.00
816275.00,2779.00,1998-10-31,VYBER,15.00
816276.00,2779.00,1998-11-30,VYBER,15.00
816278.00,2779.00,1993-08-14,VYBER,7900.00
816279.00,2779.00,1993-09-13,VYBER,9700.00
816280.00,2779.00,1993-10-13,VYBER,15600.00
816281.00,2779.00,1993-11-12,VYBER,30400.00
816282.00,2779.00,1993-12-09,VYBER,25600.00
816283.00,2779.00,1994-01-10,VYBER,34400.00
816284.00,2779.00,1994-02-13,VYBER,20800.00
816285.00,2779.00,1994-03-13,VYBER,34400.00
816286.00,2779.00,1994-04-10,VYBER,37600.00
816287.00,2779.00,1994-05-11,VYBER,35200.00
816288.00,2779.00,1994-06-13,VYBER,41600.00
816289.00,2779.00,1994-07-10,VYBER,48000.00
816290.00,2779.00,1994-08-10,VYBER,36800.00
816291.00,2779.00,1994-09-10,VYBER,45600.00
816292.00,2779.00,1994-10-13,VYBER,36800.00
816293.00,2779.00,1994-11-09,VYBER,65600.00
816294.00,2779.00,1994-12-13,VYBER,49600.00
816295.00,2779.00,1995-01-12,VYBER,43200.00
816296.00,2779.00,1995-02-13,VYBER,30400.00
816297.00,2779.00,1995-03-13,VYBER,46400.00
816298.00,2779.00,1995-04-13,VYBER,36000.00
816299.00,2779.00,1995-05-11,VYBER,35200.00
816300.00,2779.00,1995-06-13,VYBER,49600.00
816301.00,2779.00,1995-07-13,VYBER,46400.00
816302.00,2779.00,1995-08-13,VYBER,46400.00
816303.00,2779.00,1995-09-13,VYBER,34400.00
816304.00,2779.00,1995-10-13,VYBER,48000.00
816305.00,2779.00,1995-11-13,VYBER,45600.00
816306.00,2779.00,1995-12-13,VYBER,36800.00
816307.00,2779.00,1996-01-13,VYBER,51200.00
816308.00,2779.00,1996-02-13,VYBER,44800.00
816309.00,2779.00,1996-03-13,VYBER,30400.00
816310.00,2779.00,1996-04-13,VYBER,39200.00
816311.00,2779.00,1996-05-13,VYBER,41600.00
816312.00,2779.00,1996-06-13,VYBER,30400.00
816313.00,2779.00,1996-07-13,VYBER,40000.00
816314.00,2779.00,1996-08-13,VYBER,34400.00
816315.00,2779.00,1996-09-13,VYBER,34400.00
816316.00,2779.00,1996-10-13,VYBER,30400.00
816317.00,2779.00,1996-11-13,VYBER,31200.00
816318.00,2779.00,1996-12-13,VYBER,46400.00
816319.00,2779.00,1997-01-13,VYBER,37600.00
816320.00,2779.00,1997-02-13,VYBER,35200.00
816321.00,2779.00,1997-03-13,VYBER,41600.00
816322.00,2779.00,1997-04-13,VYBER,35200.00
816323.00,2779.00,1997-05-13,VYBER,35200.00
816324.00,2779.00,1997-06-13,VYBER,40000.00
816325.00,2779.00,1997-07-13,VYBER,48800.00
816326.00,2779.00,1997-08-13,VYBER,38400.00
816327.00,2779.00,1997-09-13,VYBER,34400.00
816328.00,2779.00,1997-10-13,VYBER,36800.00
816329.00,2779.00,1997-11-13,VYBER,51200.00
816330.00,2779.00,1997-12-13,VYBER,38400.00
816331.00,2779.00,1998-01-13,VYBER,32000.00
816332.00,2779.00,1998-02-13,VYBER,42400.00
816333.00,2779.00,1998-03-13,VYBER,28800.00
816334.00,2779.00,1998-04-13,VYBER,39200.00
816335.00,2779.00,1998-05-13,VYBER,57600.00
816336.00,2779.00,1998-06-13,VYBER,45600.00
816337.00,2779.00,1998-07-13,VYBER,45600.00
816338.00,2779.00,1998-08-13,VYBER,43200.00
816339.00,2779.00,1998-09-13,VYBER,48000.00
816340.00,2779.00,1998-10-13,VYBER,41600.00
816341.00,2779.00,1998-11-13,VYBER,38400.00
816342.00,2779.00,1998-12-13,VYBER,32000.00
816343.00,2779.00,1999-01-13,VYBER,36800.00
816344.00,2779.00,1999-02-13,VYBER,39200.00
816345.00,2779.00,1999-03-13,VYBER,54400.00
816346.00,2779.00,1999-04-13,VYBER,36800.00
816347.00,2779.00,1999-05-13,VYBER,28000.00
816348.00,2779.00,1999-06-13,VYBER,50400.00
816349.00,2779.00,1999-07-13,VYBER,40800.00
816350.00,2779.00,1999-08-13,VYBER,40000.00
816351.00,2779.00,1999-09-13,VYBER,36800.00
816352.00,2779.00,1999-10-13,VYBER,57600.00
816353.00,2779.00,1999-11-13,VYBER,55200.00
816354.00,2779.00,1999-12-13,VYBER,33600.00
816355.00,2779.00,2000-01-13,VYBER,53600.00
816356.00,2779.00,2000-02-13,VYBER,30400.00
816357.00,2779.00,2000-03-13,VYBER,42400.00
816358.00,2779.00,2000-04-13,VYBER,36800.00
816359.00,2779.00,2000-05-13,VYBER,42400.00
816360.00,2779.00,2000-06-13,VYBER,36800.00
816361.00,2779.00,2000-07-13,VYBER,33600.00
816362.00,2779.00,2000-08-13,VYBER,32000.00
816363.00,2779.00,2000-09-13,VYBER,38400.00
816364.00,2779.00,2000-10-13,VYBER,56000.00
816365.00,2779.00,2000-11-13,VYBER,30400.00
816366.00,2779.00,2000-12-13,VYBER,51200.00
816367.00,2779.00,2001-01-13,VYBER,44000.00
816368.00,2779.00,2001-02-13,VYBER,37600.00
816369.00,2779.00,2001-03-13,VYBER,32000.00
816370.00,2779.00,2001-04-13,VYBER,36800.00
816371.00,2779.00,2001-05-13,VYBER,25600.00
816372.00,2779.00,2001-06-13,VYBER,43200.00
816373.00,2779.00,2001-07-13,VYBER,32000.00
816374.00,2779.00,2001-08-13,VYBER,56000.00
816375.00,2779.00,2001-09-13,VYBER,35200.00
816376.00,2779.00,2001-10-13,VYBER,39200.00
816377.00,2779.00,2001-11-13,VYBER,50400.00
816378.00,2779.00,2001-12-13,VYBER,32000.00
816379.00,2779.00,2002-01-13,VYBER,52000.00
816380.00,2779.00,2002-02-13,VYBER,36800.00
816381.00,2779.00,2002-03-13,VYBER,33600.00
816382.00,2779.00,2002-04-13,VYBER,36800.00
816383.00,2779.00,2002-05-13,VYBER,32000.00
816384.00,2779.00,2002-06-13,VYBER,49600.00
816385.00,2779.00,2002-07-13,VYBER,24800.00
816386.00,2779.00,2002-08-13,VYBER,38400.00
816387.00,2779.00,2002-09-13,VYBER,30400.00
816388.00,2779.00,2002-10-13,VYBER,44000.00
816389.00,2779.00,2002-11-13,VYBER,39200.00
816390.00,2779.00,2002-12-13,VYBER,40000.00
816391.00,2779.00,2003-01-13,VYBER,34400.00
816392.00,2779.00,2003-02-13,VYBER,33600.00
816393.00,2779.00,2003-03-13,VYBER,45600.00
816394.00,2779.00,2003-04-13,VYBER,36000.00
816395.00,2779.00,2003-05-13,VYBER,52800.00
816396.00,2779.00,2003-06-13,VYBER,30400.00
816397.00,2779.00,2003-07-13,VYBER,41600.00
816398.00,2779.00,2003-08-13,VYBER,30400.00
816399.00,2779.00,2003-09-13,VYBER,41600.00
816400.00,2779.00,2003-10-13,VYBER,33600.00
816401.00,2779.00,2003-11-13,VYBER,38400.00
816402.00,2779.00,2003-12-13,VYBER,40000.00
816403.00,2779.00,2004-01-13,VYBER,40000.00
816404.00,2779.00,2004-02-13,VYBER,36000.00
816405.00,2779.00,2004-03-13,VYBER,30400.00
816406.00,2779.00,2004-04-13,VYBER,31200.00
816407.00,2779.00,2004-05-13,VYBER,31200.00
816408.00,2779.00,2004-06-13,VYBER,37600.00
816409.00,2779.00,2004-07-13,VYBER,48800.00
816410.00,2779.00,2004-08-13,VYBER,36000.00
816411.00,2779.00,2004-09-13,VYBER,43200.00
816412.00,2779.00,2004-10-13,VYBER,36800.00
816413.00,2779.00,2004-11-13,VYBER,43200.00
816414.00,2779.00,2004-12-13,VYBER,32800.00
816415.00,2779.00,2005-01-13,VYBER,40000.00
816416.00,2779.00,2005-02-13,VYBER,28800.00
816417.00,2779.00,2005-03-13,VYBER,32000.00
816418.00,2779.00,2005-04-13,VYBER,40000.00
816419.00,2779.00,2005-05-13,VYBER,38400.00
816420.00,2779.00,2005-06-13,VYBER,32000.00
816421.00,2779.00,2005-07-13,VYBER,31200.00
816422.00,2779.00,2005-08-13,VYBER,32800.00
816423.00,2779.00,2005-09-13,VYBER,34400.00
816424.00,2779.00,2005-10-13,VYBER,41600.00
816425.00,2779.00,2005-11-13,VYBER,40000.00
816426.00,2779.00,2005-12-13,VYBER,40000.00
816427.00,2779.00,2006-01-13,VYBER,42400.00
816428.00,2779.00,2006-02-13,VYBER,36800.00
816429.00,2779.00,2006-03-13,VYBER,34400.00
816430.00,2779.00,2006-04-13,VYBER,35200.00
816431.00,2779.00,2006-05-13,VYBER,30400.00
816432.00,2779.00,2006-06-13,VYBER,31200.00
816433.00,2779.00,2006-07-13,VYBER,33600.00
816434.00,2779.00,2006-08-13,VYBER,33600.00
816435.00,2779.00,2006-09-13,VYBER,32000.00
816436.00,2779.00,2006-10-13,VYBER,41600.00
816437.00,2779.00,2006-11-13,VYBER,38400.00
816438.00,2779.00,2006-12-13,VYBER,35200.00
816439.00,2779.00,2007-01-13,VYBER,37600.00
816440.00,2779.00,2007-02-13,VYBER,36000.00
816441.00,2779.00,2007-03-13,VYBER,31200.00
816442.00,2779.00,2007-04-13,VYBER,37600.00
816443.00,2779.00,2007-05-13,VYBER,31200.00
816444.00,2779.00,2007-06-13,VYBER,32000.00
816445.00,2779.00,2007-07-13,VYBER,35200.00
816446.00,2779.00,2007-08-13,VYBER,45600.00
816447.00,2779.00,2007-09-13,VYBER,32800.00
816448.00,2779.00,2007-10-13,VYBER,34400.00
816449.00,2779.00,2007-11-13,VYBER,25600.00
816450.00,2779.00,2007-12-13,VYBER,40000.00
816451.00,2779.00,2008-01-13,VYBER,46400.00
816452.00,2779.00,2008-02-13,VYBER,38400.00
816453.00,2779.00,2008-03-13,VYBER,38400.00
816454.00,2779.00,2008-04-13,VYBER,32000.00
816455.00,2779.00,2008-05-13,VYBER,33600.00
816456.00,2779.00,2008-06-13,VYBER,32000.00
816457.00,2779.00,2008-07-13,VYBER,30400.00
816458.00,2779.00,2008-08-13,VYBER,34400.00
816459.00,2779.00,2008-09-13,VYBER,32800.00
816460.00,2779.00,2008-10-13,VYBER,35200.00
816461.00,2779.00,2008-11-13,VYBER,32000.00
816462.00,2779.00,2008-12-13,VYBER,38400.00
816463.00,2779.00,2009-01-13,VYBER,36800.00
816464.00,2779.00,2009-02-13,VYBER,30400.00
816465.00,2779.00,2009-03-13,VYBER,36800.00
816466.00,2779.00,2009-04-13,VYBER,34400.00
816467.00,2779.00,2009-05-13,VYBER,32800.00
816468.00,2779.00,2009-06-13,VYBER,34400.00
816469.00,2779.00,2009-07-13,VYBER,35200.00
816470.00,2779.00,2009-08-13,VYBER,33600.00
816471.00,2779.00,2009-09-13,VYBER,38400.00
816472.00,2779.00,2009-10-13,VYBER,45600.00
816473.00,2779.00,2009-11-13,VYBER,33600.00
816474.00,2779.00,2009-12-13,VYBER,29600.00
816475.00,2779.00,2010-01-13,VYBER,36800.00
816476.00,2779.00,2010-02-13,VYBER,36800.00
816477.00,2779.00,2010-03-13,VYBER,32800.00
816478.00,2779.00,2010-04-13,VYBER,36000.00
816479.00,2779.00,2010-05-13,VYBER,30400.00
816480.00,2779.00,2010-06-13,VYBER,40000.00
816481.00,2779.00,2010-07-13,VYBER,40000.00
816482.00,2779.00,2010-08-13,VYBER,37600.00
816483.00,2779.00,2010-09-13,VYBER,35200.00
816484.00,2779.00,2010-10-13,VYBER,44000.00
816485.00,2779.00,2010-11-13,VYBER,25600.00
816486.00,2779.00,2010-12-13,VYBER,32000.00
816487.00,2779.00,2011-01-13,VYBER,35200.00
816488.00,2779.00,2011-02-13,VYBER,33600.00
816489.00,2779.00,2011-03-13,VYBER,40000.00
816490.00,2779.00,2011-04-13,VYBER,30400.00
816491.00,2779.00,2011-05-13,VYBER,32800.00
816492.00,2779.00,2011-06-13,VYBER,35200.00
816493.00,2779.00,2011-07-13,VYBER,30400.00
816494.00,2779.00,2011-08-13,VYBER,40000.00
816495.00,2779.00,2011-09-13,VYBER,38400.00
816496.00,2779.00,2011-10-13,VYBER,35200.00
816497.00,2779.00,2011-11-13,VYBER,31200.00
816498.00,2779.00,2011-12-13,VYBER,44000.00
816499.00,2779.00,2012-01-13,VYBER,35200.00
816500.00,2779.00,2012-02-13,VYBER,42400.00
816501.00,2779.00,2012-03-13,VYBER,32000.00
816502.00,2779.00,2012-04-13,VYBER,38400.00
816503.00,2779.00,2012-05-13,VYBER,32000.00
816504.00,2779.00,2012-06-13,VYBER,32800.00
816505.00,2779.00,2012-07-13,VYBER,38400.00
816506.00,2779.00,2012-08-13,VYBER,28000.00
816507.00,2779.00,2012-09-13,VYBER,30400.00
816508.00,2779.00,2012-10-13,VYBER,38400.00
816509.00,2779.00,2012-11-13,VYBER,33600.00
816510.00,2779.00,2012-12-13,VYBER,36000.00
816511.00,2779.00,2013-01-13,VYBER,28000.00
816512.00,2779.00,2013-02-13,VYBER,34400.00
816513.00,2779.00,2013-03-13,VYBER,40000.00
816514.00,2779.00,2013-04-13,VYBER,33600.00
816515.00,2779.00,2013-05-13,VYBER,32800.00
816516.00,2779.00,2013-06-13,VYBER,38400.00
816517.00,2779.00,2013-07-13,VYBER,31200.00
816518.00,2779.00,2013-08-13,VYBER,44000.00
816519.00,2779.00,2013-09-13,VYBER,33600.00
816520.00,2779.00,2013-10-13,VYBER,33600.00
816521.00,2779.00,2013-11-13,VYBER,31200.00
816522.00,2779.00,2013-12-13,VYBER,38400.00
816523.00,2779.00,2014-01-13,VYBER,28800.00
816524.00,2779.00,2014-02-13,VYBER,38400.00
816525.00,2779.00,2014-03-13,VYBER,30400.00
816526.00,2779.00,2014-04-13,VYBER,40000.00
816527.00,2779.00,2014-05-13,VYBER,44800.00
816528.00,2779.00,2014-06-13,VYBER,33600.00
816529.00,2779.00,2014-07-13,VYBER,34400.00
816530.00,2779.00,2014-08-13,VYBER,28000.00
816531.00,2779.00,2014-09-13,VYBER,32000.00
816532.00,2779.00,2014-10-13,VYBER,34400.00
816533.00,2779.00,2014-11-13,VYBER,30400.00
816534.00,2779.00,2014-12-13,VYBER,29600.00
816535.00,2779.00,2015-01-13,VYBER,38400.00
816536.00,2779.00,2015-02-13,VYBER,32800.00
816537.00,2779.00,2015-03-13,VYBER,38400.00
816538.00,2779.00,2015-04-13,VYBER,34400.00
816539.00,2779.00,2015-05-13,VYBER,26400.00
816540.00,2779.00,2015-06-13,VYBER,32800.00
816541.00,2779.00,2015-07-13,VYBER,44000.00
816542.00,2779.00,2015-08-13,VYBER,30400.00
816543.00,2779.00,2015-09-13,VYBER,44800.00
816544.00,2779.00,2015-10-13,VYBER,32800.00
816545.00,2779.00,2015-11-13,VYBER,30400.00
816546.00,2779.00,2015-12-13,VYBER,31200.00
816547.00,2779.00,2016-01-13,VYBER,33600.00
816548.00,2779.00,2016-02-13,VYBER,28000.00
816549.00,2779.00,2016-03-13,VYBER,30400.00
816550.00,2779.00,2016-04-13,VYBER,36800.00
816551.00,2779.00,2016-05-13,VYBER,40000.00
816552.00,2779.00,2016-06-13,VYBER,37600.00
816553.00,2779.00,2016-07-13,VYBER,30400.00
816554.00,2779.00,2016-08-13,VYBER,34400.00
816555.00,2779.00,2016-09-13,VYBER,45600.00
816556.00,2779.00,2016-10-13,VYBER,33600.00
816557.00,2779.00,2016-11-13,VYBER,32800.00
816558.00,2779.00,2016-12-13,VYBER,31200.00
816559.00,2779.00,2017-01-13,VYBER,33600.00
816560.00,2779.00,2017-02-13,VYBER,28800.00
816561.00,2779.00,2017-03-13,VYBER,37600.00
816562.00,2779.00,2017-04-13,VYBER,32000.00
816563.00,2779.00,2017-05-13,VYBER,34400.00
816564.00,2779.00,2017-06-13,VYBER,44800.00
816565.00,2779.00,2017-07-13,VYBER,38400.00
816566.00,2779.00,2017-08-13,VYBER,31200.00
816567.00,2779.00,2017-09-13,VYBER,32800.00
816568.00,2779.00,2017-10-13,VYBER,36800.00
816569.00,2779.00,2017-11-13,VYBER,31200.00
816570.00,2779.00,2017-12-13,VYBER,32800.00
816571.00,2779.00,2018-01-13,VYBER,38400.00
816572.00,2779.00,2018-02-13,VYBER,32800.00
816573.00,2779.00,2018-03-13,VYBER,42400.00
816574.00,2779.00,2018-04-13,VYBER,38400.00
816575.00,2779.00,2018-05-13,VYBER,32000.00
816576.00,2779.00,2018-06-13,VYBER,35200.00
816577.00,2779.00,2018-07-13,VYBER,35200.00
816578.00,2779.00,2018-08-13,VYBER,40000.00
816579.00,2779.00,2018-09-13,VYBER,31200.00
816580.00,2779.00,2018-10-13,VYBER,26400.00
816581.00,2779.00,2018-11-13,VYBER,33600.00
816582.00,2779.00,2018-12-13,VYBER,36800.00
816583.00,2779.00,2019-01-13,VYBER,32800.00
816584.00,2779.00,2019-02-13,VYBER,30400.00
816585.00,2779.00,2019-03-13,VYBER,27200.00
816586.00,2779.00,2019-04-13,VYBER,34400.00
816587.00,2779.00,2019-05-13,VYBER,33600.00
816588.00,2779.00,2019-06-13,VYBER,31200.00
816589.00,2779.00,2019-07-13,VYBER,30400.00
816590.00,2779.00,2019-08-13,VYBER,33600.00
816591.00,2779.00,2019-09-13,VYBER,33600.00
816592.00,2779.00,2019-10-13,VYBER,38400.00
816593.00,2779.00,2019-11-13,VYBER,38400.00
816594.00,2779.00,2019-12-13,VYBER,36800.00
816595.00,2779.00,2020-01-13,VYBER,38400.00
816596.00,2779.00,2020-02-13,VYBER,38400.00
816597.00,2779.00,2020-03-13,VYBER,32000.00
816598.00,2779.00,2020-04-13,VYBER,32800.00
816599.00,2779.00,2020-05-13,VYBER,33600.00
816600.00,2779.00,2020-06-13,VYBER,32800.00
816601.00,2779.00,2020-07-13,VYBER,33600.00
816602.00,2779.00,2020-08-13,VYBER,31200.00
816603.00,2779.00,2020-09-13,VYBER,31200.00
816604.00,2779.00,2020-10-13,VYBER,36800.00
816605.00,2779.00,2020-11-13,VYBER,38400.00
816606.00,2779.00,2020-12-13,VYBER,44000.00
816607.00,2779.00,2021-01-13,VYBER,35200.00
816608.00,2779.00,2021-02-13,VYBER,32000.00
816609.00,2779.00,2021-03-13,VYBER,32800.00
816610.00,2779.00,2021-04-13,VYBER,35200.00
816611.00,2779.00,2021-05-13,VYBER,32000.00
816612.00,2779.00,2021-06-13,VYBER,32000.00
816613.00,2779.00,2021-07-13,VYBER,29600.00
816614.00,2779.00,2021-08-13,VYBER,35200.00
816615.00,2779.00,2021-09-13,VYBER,28800.00
816616.00,2779.00,2021-10-13,VYBER,30400.00
816617.00,2779.00,2021-11-13,VYBER,32800.00
816618.00,2779.00,2021-12-13,VYBER,36800.00
816619.00,2779.00,2022-01-13,VYBER,32800.00
816620.00,2779.00,2022-02-13,VYBER,33600.00
816621.00,2779.00,2022-03-13,VYBER,32800.00
816622.00,2779.00,2022-04-13,VYBER,33600.00
816623.00,2779.00,2022-05-13,VYBER,34400.00
816624.00,2779.00,2022-06-13,VYBER,40000.00
816625.00,2779.00,2022-07-13,VYBER,33600.00
816626.00,2779.00,2022-08-13,VYBER,35200.00
816627.00,2779.00,2022-09-13,VYBER,32000.00
816628.00,2779.00,2022-10-13,VYBER,31200.00
816629.00,2779.00,2022-11-13,VYBER,27200.00
816630.00,2779.00,2022-12-13,VYBER,30400.00
816631.00,2779.00,2023-01-13,VYBER,33600.00
816632.00,2779.00,2023-02-13,VYBER,32000.00
816633.00,2779.00,2023-03-13,VYBER,36000.00
816634.00,2779.00,2023-04-13,VYBER,33600.00
816635.00,2779.00,2023-05-13,VYBER,30400.00
816636.00,2779.00,2023-06-13,VYBER,44800.00
816637.00,2779.00,2023-07-13,VYBER,32800.00
816638.00,2779.00,2023-08-13,VYBER,27200.00
816639.00,2779.00,2023-09-13,VYBER,32000.00
816640.00,2779.00,2023-10-13,VYBER,26400.00
816641.00,2779.00,2023-11-13,VYBER,32000.00
816642.00,2779.00,2023-12-13,VYBER,40000.00
816643.00,2779.00,2024-01-13,VYBER,35200.00
816644.00,2779.00,2024-02-13,VYBER,33600.00
816645.00,2779.00,2024-03-13,VYBER,30400.00
816646.00,2779.00,2024-04-13,VYBER,33600.00
816647.00,2779.00,2024-05-13,VYBER,34400.00
816648.00,2779.00,2024-06-13,VYBER,44800.00
816649.00,2779.00,2024-07-13,VYBER,30400.00
816650.00,2779.00,2024-08-13,VYBER,27200.00
816651.00,2779.00,2024-09-13,VYBER,30400.00
816652.00,2779.00,2024-10-13,VYBER,36800.00
816653.00,2779.00,2024-11-13,VYBER,38400.00
816654.00,2779.00,2024-12-13,VYBER,35200.00
816655.00,2779.00,2025-01-13,VYBER,38400.00
816656.00,2779.00,2025-02-13,VYBER,44000.00
816657.00,2779.00,2025-03-13,VYBER,34400.00
816658.00,2779.00,2025-04-13,VYBER,36800.00
816659.00,2779.00,2025-05-13,VYBER,31200.00
816660.00,2779.00,2025-06-13,VYBER,36800.00
816661.00,2779.00,2025-07-13,VYBER,33600.00
816662.00,2779.00,2025-08-13,VYBER,43200.00
816663.00,2779.00,2025-09-13,VYBER,34400.00
816664.00,2779.00,2025-10-13,VYBER,38400.00
816665.00,2779.00,2025-11-13,VYBER,34400.00
816666.00,2779.00,2025-12-13,VYBER,30400.00
816667.00,2779.00,2026-01-13,VYBER,33600.00
816668.00,2779.00,2026-02-13,VYBER,32000.00
816669.00,2779.00,2026-03-13,VYBER,35200.00
816670.00,2779.00,2026-04-13,VYBER,32000.00
816671.00,2779.00,2026-05-13,VYBER,40000.00
816672.00,2779.00,2026-06-13,VYBER,40000.00
816673.00,2779.00,2026-07-13,VYBER,38400.00
816674.00,2779.00,2026-08-13,VYBER,36800.00
816675.00,2779.00,2026-09-13,VYBER,32800.00
816676.00,2779.00,2026-10-13,VYBER,31200.00
816677.00,2779.00,2026-11-13,VYBER,30400.00
816678.00,2779.00,2026-12-13,VYBER,30400.00
816679.00,2779.00,2027-01-13,VYBER,35200.00
816680.00,2779.00,2027-02-13,VYBER,38400.00
816681.00,2779.00,2027-03-13,VYBER,36000.00
816682.00,2779.00,2027-04-13,VYBER,38400.00
816683.00,2779.00,2027-05-13,VYBER,32000.00
816684.00,2779.00,2027-06-13,VYBER,30400.00
816685.00,2779.00,2027-07-13,VYBER,32800.00
816686.00,2779.00,2027-08-13,VYBER,32000.00
816687.00,2779.00,2027-09-13,VYBER,35200.00
816688.00,2779.00,2027-10-13,VYBER,34400.00
816689.00,2779.00,2027-11-13,VYBER,32800.00
816690.00,2779.00,2027-12-13,VYBER,30400.00
816691.00,2779.00,2028-01-13,VYBER,34400.00
816692.00,2779.00,2028-02-13,VYBER,36800.00
816693.00,2779.00,2028-03-13,VYBER,33600.00
816694.00,2779.00,2028-04-13,VYBER,36800.00
816695.00,2779.00,2028-05-13,VYBER,31200.00
816696.00,2779.00,2028-06-13,VYBER,32000.00
816697.00,2779.00,2028-07-13,VYBER,40000.00
816698.00,2779.00,2028-08-13,VYBER,30400.00
816699.00,2779.00,2028-09-13,VYBER,44000.00
816700.00,2779.00,2028-10-13,VYBER,35200.00
816701.00,2779.00,2028-11-13,VYBER,35200.00
816702.00,2779.00,2028-12-13,VYBER,30400.00
816703.00,2779.00,2029-01-13,VYBER,33600.00
816704.00,2779.00,2029-02-13,VYBER,33600.00
816705.00,2779.00,2029-03-13,VYBER,36800.00
816706.00,2779.00,2029-04-13,VYBER,30400.00
816707.00,2779.00,2029-05-13,VYBER,35200.00
816708.00,2779.00,2029-06-13,VYBER,38400.00
816709.00,2779.00,2029-07-13,VYBER,38400.00
816710.00,2779.00,2029-08-13,VYBER,38400.00
816711.00,2779.00,2029-09-13,VYBER,32000.00
816712.00,2779.00,2029-10-13,VYBER,33600.00
816713.00,2779.00,2029-11-13,VYBER,32800.00
816714.00,2779.00,2029-12-13,VYBER,32000.00
816715.00,2779.00,2030-01-13,VYBER,32000.00
816716.00,2779.00,2030-02-13,VYBER,31200.00
816717.00,2779.00,2030-03-13,VYBER,30400.00
816718.00,2779.00,2030-04-13,VYBER,32800.00
816719.00,2779.00,2030-05-13,VYBER,33600.00
816720.00,2779.00,2030-06-13,VYBER,33600.00
816721.00,2779.00,2030-07-13,VYBER,34400.00
816722.00,2779.00,2030-08-13,VYBER,33600.00
816723.00,2779.00,2030-09-13,VYBER,36800.00
816724.00,2779.00,2030-10-13,VYBER,33600.00
816725.00,2779.00,2030-11-13,VYBER,32000.00
816726.00,2779.00,2030-12-13,VYBER,32000.00
816727.00,2779.00,2031-01-13,VYBER,31200.00
816728.00,2779.00,2031-02-13,VYBER,33600.00
816729.00,2779.00,2031-03-13,VYBER,30400.00
816730.00,2779.00,2031-04-13,VYBER,33600.00
816731.00,2779.00,2031-05-13,VYBER,31200.00
816732.00,2779.00,2031-06-13,VYBER,33600.00
816733.00,2779.00,2031-07-13,VYBER,36800.00
816734.00,2779.00,2031-08-13,VYBER,33600.00
816735.00,2779.00,2031-09-13,VYBER,35200.00
816736.00,2779.00,2031-10-13,VYBER,31200.00
816737.00,2779.00,2031-11-13,VYBER,31200.00
816738.00,2779.00,2031-12-13,VYBER,32800.00
816739.00,2779.00,2032-01-13,VYBER,32000.00
816740.00,2779.00,2032-02-13,VYBER,30400.00
816741.00,2779.00,2032-03-13,VYBER,33600.00
816742.00,2779.00,2032-04-13,VYBER,34400.00
816743.00,2779.00,2032-05-13,VYBER,43200.00
816744.00,2779.00,2032-06-13,VYBER,38400.00
816745.00,2779.00,2032-07-13,VYBER,32800.00
816746.00,2779.00,2032-08-13,VYBER,28800.00
816747.00,2779.00,2032-09-13,VYBER,41600.00
816748.00,2779.00,2032-10-13,VYBER,28000.00
816749.00,2779.00,2032-11-13,VYBER,38400.00
816750.00,2779.00,2032-12-13,VYBER,32000.00
816751.00,2779.00,2033-01-13,VYBER,33600.00
816752.00,2779.00,2033-02-13,VYBER,33600.00
816753.00,2779.00,2033-03-13,VYBER,36800.00
816754.00,2779.00,2033-04-13,VYBER,32000.00
816755.00,2779.00,2033-05-13,VYBER,36800.00
816756.00,2779.00,2033-06-13,VYBER,32800.00
816757.00,2779.00,2033-07-13,VYBER,36800.00
816758.00,2779.00,2033-08-13,VYBER,40000.00
816759.00,2779.00,2033-09-13,VYBER,38400.00
816760.00,2779.00,2033-10-13,VYBER,32800.00
816761.00,2779.00,2033-11-13,VYBER,33600.00
816762.00,2779.00,2033-12-13,VYBER,30400.00
816763.00,2779.00,2034-01-13,VYBER,35200.00
816764.00,2779.00,2034-02-13,VYBER,35200.00
816765.00,2779.00,2034-03-13,VYBER,35200.00
816766.00,2779.00,2034-04-13,VYBER,35200.00
816767.00,2779.00,2034-05-13,VYBER,32800.00
816768.00,2779.00,2034-06-13,VYBER,38400.00
816769.00,2779.00,2034-07-13,VYBER,35200.00
816770.00,2779.00,2034-08-13,VYBER,38400.00
816771.00,2779.00,2034-09-13,VYBER,38400.00
816772.00,2779.00,2034-10-13,VYBER,35200.00
816773.00,2779.00,2034-11-13,VYBER,36800.00
816774.00,2779.00,2034-12-13,VYBER,35200.00
816775.00,2779.00,2035-01-13,VYBER,36800.00
816776.00,2779.00,2035-02-13,VYBER,35200.00
816777.00,2779.00,2035-03-13,VYBER,32000.00
816778.00,2779.00,2035-04-13,VYBER,42400.00
816779.00,2779.00,2035-05-13,VYBER,34400.00
816780.00,2779.00,2035-06-13,VYBER,36800.00
816781.00,2779.00,2035-07-13,VYBER,36000.00
816782.00,2779.00,2035-08-13,VYBER,33600.00
816783.00,2779.00,2035-09-13,VYBER,35200.00
816784.00,2779.00,2035-10-13,VYBER,35200.00
816785.00,2779.00,2035-11-13,VYBER,35200.00
816786.00,2779.00,2035-12-13,VYBER,41600.00
816787.00,2779.00,2036-01-13,VYBER,33600.00
816788.00,2779.00,2036-02-13,VYBER,31200.00
816789.00,2779.00,2036-03-13,VYBER,32800.00
816790.00,2779.00,2036-04-13,VYBER,42400.00
816791.00,2779.00,2036-05-13,VYBER,35200.00
816792.00,2779.00,2036-06-13,VYBER,33600.00
816793.00,2779.00,2036-07-13,VYBER,35200.00
816794.00,2779.00,2036-08-13,VYBER,33600.00
816795.00,2779.00,2036-09-13,VYBER,32800.00
816796.00,2779.00,2036-10-13,VYBER,36800.00
816797.00,2779.00,2036-11-13,VYBER,32800.00
816798.00,2779.00,2036-12-13,VYBER,35200.00
816799.00,2779.00,2037-01-13,VYBER,31200.00
816800.00,2779.00,2037-02-13,VYBER,33600.00
816801.00,2779.00,2037-03-13,VYBER,33600.00
816802.00,2779.00,2037-04-13,VYBER,33600.00
816803.00,2779.00,2037-05-13,VYBER,32800.00
816804.00,2779.00,2037-06-13,VYBER,36800.00
816805.00,2779.00,2037-07-13,VYBER,35200.00
816806.00,2779.00,2037-08-13,VYBER,32000.00
816807.00,2779.00,2037-09-13,VYBER,35200.00
816808.00,2779.00,2037-10-13,VYBER,35200.00
816809.00,2779.00,2037-11-13,VYBER,32800.00
816810.00,2779.00,2037-12-13,VYBER,34400.00
816811.00,2779.00,2038-01-13,VYBER,36800.00
816812.00,2779.00,2038-02-13,VYBER,35200.00
816813.00,2779.00,2038-03-13,VYBER,35200.00
816814.00,2779.00,2038-04-13,VYBER,34400.00
816815.00,2779.00,2038-05-13,VYBER,35200.00
816816.00,2779.00,2038-06-13,VYBER,32800.00
816817.00,2779.00,2038-07-13,VYBER,34400.00
816818.00,2779.00,2038-08-13,VYBER,35200.00
816819.00,2779.00,2038-09-13,VYBER,36000.00
816820.00,2779.00,2038-10-13,VYBER,38400.00
816821.00,2779.00,2038-11-13,VYBER,33600.00
816822.00,2779.00,2038-12-13,VYBER,32800.00
816823.00,2779.00,2039-01-13,VYBER,32800.00
816824.00,2779.00,2039-02-13,VYBER,36800.00
816825.00,2779.00,2039-03-13,VYBER,36800.00
816826.00,2779.00,2039-04-13,VYBER,36800.00
816827.00,2779.00,2039-05-13,VYBER,30400.00
816828.00,2779.00,2039-06-13,VYBER,34400.00
816829.00,2779.00,2039-07-13,VYBER,36800.00
816830.00,2779.00,2039-08-13,VYBER,32000.00
816831.00,2779.00,2039-09-13,VYBER,35200.00
816832.00,2779.00,2039-10-13,VYBER,35200.00
816833.00,2779.00,2039-11-13,VYBER,33600.00
816834.00,2779.00,2039-12-13,VYBER,33600.00
816835.00,2779.00,2040-01-13,VYBER,36000.00
816836.00,2779.00,2040-02-13,VYBER,38400.00
816837.00,2779.00,2040-03-13,VYBER,36000.00
816838.00,2779.00,2040-04-13,VYBER,32800.00
816839.00,2779.00,2040-05-13,VYBER,32800.00
816840.00,2779.00,2040-06-13,VYBER,36800.00
816841.00,2779.00,2040-07-13,VYBER,32000.00
816842.00,2779.00,2040-08-13,VYBER,36800.00
816843.00,2779.00,2040-09-13,VYBER,36000.00
816844.00,2779.00,2040-10-13,VYBER,38400.00
816845.00,2779.00,2040-11-13,VYBER,30400.00
816846.00,2779.00,2040-12-13,VYBER,34400.00
816847.00,2779.00,2041-01-13,VYBER,35200.00
816848.00,2779.00,2041-02-13,VYBER,33600.00
816849.00,2779.00,2041-03-13,VYBER,35200.00
816850.00,2779.00,2041-04-13,VYBER,32800.00
816851.00,2779.00,2041-05-13,VYBER,36000.00
816852.00,2779.00,2041-06-13,VYBER,38400.00
816853.00,2779.00,2041-07-13,VYBER,32800.00
816854.00,2779.00,2041-08-13,VYBER,32800.00
816855.00,2779.00,2041-09-13,VYBER,31200.00
816856.00,2779.00,2041-10-13,VYBER,30400.00
816857.00,2779.00,2041-11-13,VYBER,35200.00
816858.00,2779.00,2041-12-13,VYBER,36000.00
816859.00,2779.00,2042-01-13,VYBER,35200.00
816860.00,2779.00,2042-02-13,VYBER,32800.00
816861.00,2779.00,2042-03-13,VYBER,35200.00
816862.00,2779.00,2042-04-13,VYBER,36800.00
816863.00,2779.00,2042-05-13,VYBER,38400.00
816864.00,2779.00,2042-06-13,VYBER,32800.00
816865.00,2779.00,2042-07-13,VYBER,35200.00
816866.00,2779.00,2042-08-13,VYBER,30400.00
816867.00,2779.00,2042-09-13,VYBER,34400.00
816868.00,2779.00,2042-10-13,VYBER,32000.00
816869.00,2779.00,2042-11-13,VYBER,36800.00
816870.00,2779.00,2042-12-13,VYBER,32000.00
816871.00,2779.00,2043-01-13,VYBER,36800.00
816872.00,2779.00,2043-02-13,VYBER,35200.00
816873.00,2779.00,2043-03-13,VYBER,36800.00
816874.00,2779.00,2043-04-13,VYBER,30400.00
816875.00,2779.00,2043-05-13,VYBER,32000.00
816876.00,2779.00,2043-06-13,VYBER,36000.00
816877.00,2779.00,2043-07-13,VYBER,32000.00
816878.00,2779.00,2043-08-13,VYBER,40000.00
816879.00,2779.00,2043-09-13,VYBER,34400.00
816880.00,2779.00,2043-10-13,VYBER,32800.00
816881.00,2779.00,2043-11-13,VYBER,32800.00
816882.00,2779.00,2043-12-13,VYBER,34400.00
816883.00,2779.00,2044-01-13,VYBER,35200.00
816884.00,2779.00,2044-02-13,VYBER,33600.00
816885.00,2779.00,2044-03-13,VYBER,36000.00
816886.00,2779.00,2044-04-13,VYBER,31200.00
816887.00,2779.00,2044-05-13,VYBER,32800.00
816888.00,2779.00,2044-06-13,VYBER,36800.00
816889.00,2779.00,2044-07-13,VYBER,36000.00
816890.00,2779.00,2044-08-13,VYBER,36800.00
816891.00,2779.00,2044-09-13,VYBER,36800.00
816892.00,2779.00,2044-10-13,VYBER,32800.00
816893.00,2779.00,2044-11-13,VYBER,33600.00
816894.00,2779.00,2044-12-13,VYBER,33600.00
816895.00,2779.00,2045-01-13,VYBER,31200.00
816896.00,2779.00,2045-02-13,VYBER,38400.00
816897.00,2779.00,2045-03-13,VYBER,35200.00
816898.00,2779.00,2045-04-13,VYBER,35200.00
816899.00,2779.00,2045-05-13,VYBER,35200.00
816900.00,2779.00,2045-06-13,VYBER,35200.00
816901.00,2779.00,2045-07-13,VYBER,33600.00
816902.00,2779.00,2045-08-13,VYBER,34400.00
816903.00,2779.00,2045-09-13,VYBER,33600.00
816904.00,2779.00,2045-10-13,VYBER,32800.00
816905.00,2779.00,2045-11-13,VYBER,35200.00
816906.00,2779.00,2045-12-13,VYBER,33600.00
816907.00,2779.00,2046-01-13,VYBER,38400.00
816908.00,2779.00,2046-02-13,VYBER,31200.00
816909.00,2779.00,2046-03-13,VYBER,33600.00
816910.00,2779.00,2046-04-13,VYBER,32000.00
816911.00,2779.00,2046-05-13,VYBER,32000.00
816912.00,2779.00,2046-06-13,VYBER,32800.00
816913.00,2779.00,2046-07-13,VYBER,32800.00
816914.00,2779.00,2046-08-13,VYBER,32000.00
816915.00,2779.00,2046-09-13,VYBER,35200.00
816916.00,2779.00,2046-10-13,VYBER,31200.00
816917.00,2779.00,2046-11-13,VYBER,36800.00
816918.00,2779.00,2046-12-13,VYBER,32000.00
816919.00,2779.00,2047-01-13,VYBER,31200.00
816920.00,2779.00,2047-02-13,VYBER,34400.00
816921.00,2779.00,2047-03-13,VYBER,32800.00
816922.00,2779.00,2047-04-13,VYBER,32800.00
816923.00,2779.00,2047-05-13,VYBER,32800.00
816924.00,2779.00,2047-06-13,VYBER,32000.00
816925.00,2779.00,2047-07-13,VYBER,38400.00
816926.00,2779.00,2047-08-13,VYBER,34400.00
816927.00,2779.00,2047-09-13,VYBER,33600.00
816928.00,2779.00,2047-10-13,VYBER,33600.00
816929.00,2779.00,2047-11-13,VYBER,32800.00
816930.00,2779.00,2047-12-13,VYBER,33600.00
816931.00,2779.00,2048-01-13,VYBER,35200.00
816932.00,2779.00,2048-02-13,VYBER,35200.00
816933.00,2779.00,2048-03-13,VYBER,32800.00
816934.00,2779.00,2048-04-13,VYBER,32800.00
816935.00,2779.00,2048-05-13,VYBER,34400.00
816936.00,2779.00,2048-06-13,VYBER,33600.00
816937.00,2779.00,2048-07-13,VYBER,33600.00
816938.00,2779.00,2048-08-13,VYBER,32800.00
816939.00,2779.00,2048-09-13,VYBER,36800.00
816940.00,2779.00,2048-10-13,VYBER,35200.00
816941.00,2779.00,2048-11-13,VYBER,34400.00
816942.00,2779.00,2048-12-13,VYBER,35200.00
816943.00,2779.00,2049-01-13,VYBER,36000.00
816944.00,2779.00,2049-02-13,VYBER,34400.00
816945.00,2779.00,2049-03-13,VYBER,36800.00
816946.00,2779.00,2049-04-13,VYBER,32800.00
816947.00,2779.00,2049-05-13,VYBER,35200.00
816948.00,2779.00,2049-06-13,VYBER,35200.00
816949.00,2779.00,2049-07-13,VYBER,32000.00
816950.00,2779.00,2049-08-13,VYBER,34400.00
816951.00,2779.00,2049-09-13,VYBER,34400.00
816952.00,2779.00,2049-10-13,VYBER,33600.00
816953.00,2779.00,2049-11-13,VYBER,35200.00
816954.00,2779.00,2049-12-13,VYBER,34400.00
816955.00,2779.00,2050-01-13,VYBER,33600.00
816956.00,2779.00,2050-02-13,VYBER,38400.00
816957.00,2779.00,2050-03-13,VYBER,35200.00
816958.00,2779.00,2050-04-13,VYBER,35200.00
816959.00,2779.00,2050-05-13,VYBER,32800.00
816960.00,2779.00,2050-06-13,VYBER,33600.00
816961.00,2779.00,2050-07-13,VYBER,32000.00
816962.00,2779.00,2050-08-13,VYBER,32800.00
816963.00,2779.00,2050-09-13,VYBER,34400.00
816964.00,2779.00,2050-10-13,VYBER,32800.00
816965.00,2779.00,2050-11-13,VYBER,32000.00
816966.00,2779.00,2050-12-13,VYBER,34400.00
816967.00,2779.00,2051-01-13,VYBER,35200.00
816968.00,2779.00,2051-02-13,VYBER,32800.00
816969.00,2779.00,2051-03-13,VYBER,35200.00
816970.00,2779.00,2051-04-13,VYBER,34400.00
816971.00,2779.00,2051-05-13,VYBER,32800.00
816972.00,2779.00,2051-06-13,VYBER,32000.00
816973.00,2779.00,2051-07-13,VYBER,32000.00
816974.00,2779.00,2051-08-13,VYBER,33600.00
816975.00,2779.00,2051-09-13,VYBER,32800.00
816976.00,2779.00,2051-10-13,VYBER,32800.00
816977.00,2779.00,2051-11-13,VYBER,32800.00
816978.00,2779.00,2051-12-13,VYBER,36800.00
816979.00,2779.00,2052-01-13,VYBER,35200.00
816980.00,2779.00,2052-02-13,VYBER,34400.00
816981.00,2779.00,2052-03-13,VYBER,32800.00
816982.00,2779.00,2052-04-13,VYBER,32000.00
816983.00,2779.00,2052-05-13,VYBER,33600.00
816984.00,2779.00,2052-06-13,VYBER,33600.00
816985.00,2779.00,2052-07-13,VYBER,32800.00
816986.00,2779.00,2052-08-13,VYBER,33600.00
816987.00,2779.00,2052-09-13,VYBER,33600.00
816988.00,2779.00,2052-10-13,VYBER,34400.00
816989.00,2779.00,2052-11-13,VYBER,32800.00
816990.00,2779.00,2052-12-13,VYBER,32000.00
816991.00,2779.00,2053-01-13,VYBER,32000.00
816992.00,2779.00,2053-02-13,VYBER,31200.00
816993.00,2779.00,2053-03-13,VYBER,33600.00
816994.00,2779.00,2053-04-13,VYBER,32800.00
816995.00,2779.00,2053-05-13,VYBER,35200.00
816996.00,2779.00,2053-06-13,VYBER,33600.00
816997.00,2779.00,2053-07-13,VYBER,32800.00
816998.00,2779.00,2053-08-13,VYBER,33600.00
816999.00,2779.00,2053-09-13,VYBER,33600.00
817000.00,2779.00,2053-10-13,VYBER,32800.00
817001.00,2779.00,2053-11-13,VYBER,33600.00
817002.00,2779.00,2053-12-13,VYBER,31200.00
817003.00,2779.00,2054-01-13,VYBER,35200.00
817004.00,2779.00,2054-02-13,VYBER,35200.00
817005.00,2779.00,2054-03-13,VYBER,32800.00
817006.00,2779.00,2054-04-13,VYBER,33600.00
817007.00,2779.00,2054-05-13,VYBER,35200.00
817008.00,2779.00,2054-06-13,VYBER,32000.00
817009.00,2779.00,2054-07-13,VYBER,34400.00
817010.00,2779.00,2054-08-13,VYBER,32800.00
817011.00,2779.00,2054-09-13,VYBER,32800.00
817012.00,2779.00,2054-10-13,VYBER,36800.00
817013.00,2779.00,2054-11-13,VYBER,32800.00
817014.00,2779.00,2054-12-13,VYBER,32800.00
817015.00,2779.00,2055-01-13,VYBER,32000.00
817016.00,2779.00,2055-02-13,VYBER,34400.00
817017.00,2779.00,2055-03-13,VYBER,33600.00
817018.00,2779.00,2055-04-13,VYBER,32800.00
817019.00,2779.00,2055-05-13,VYBER,33600.00
817020.00,2779.00,2055-06-13,VYBER,33600.00
817021.00,2779.00,2055-07-13,VYBER,32000.00
817022.00,2779.00,2055-08-13,VYBER,32000.00
817023.00,2779.00,2055-09-13,VYBER,35200.00
817024.00,2779.00,2055-10-13,VYBER,32800.00
817025.00,2779.00,2055-11-13,VYBER,32800.00
817026.00,2779.00,2055-12-13,VYBER,35200.00
817027.00,2779.00,2056-01-13,VYBER,32800.00
817028.00,2779.00,2056-02-13,VYBER,33600.00
817029.00,2779.00,2056-03-13,VYBER,34400.00
817030.00,2779.00,2056-04-13,VYBER,33600.00
817031.00,2779.00,2056-05-13,VYBER,35200.00
817032.00,2779.00,2056-06-13,VYBER,33600.00
817033.00,2779.00,2056-07-13,VYBER,33600.00
817034.00,2779.00,2056-08-13,VYBER,33600.00
817035.00,2779.00,2056-09-13,VYBER,34400.00
817036.00,2779.00,2056-10-13,VYBER,35200.00
817037.00,2779.00,2056-11-13,VYBER,33600.00
817038.00,2779.00,2056-12-13,VYBER,33600.00
817039.00,2779.00,2057-01-13,VYBER,33600.00
817040.00,2779.00,2057-02-13,VYBER,33600.00
817041.00,2779.00,2057-03-13,VYBER,35200.00
817042.00,2779.00,2057-04-13,VYBER,35200.00
817043.00,2779.00,2057-05-13,VYBER,35200.00
817044.00,2779.00,2057-06-13,VYBER,33600.00
817045.00,2779.00,2057-07-13,VYBER,34400.00
817046.00,2779.00,2057-08-13,VYBER,35200.00
817047.00,2779.00,2057-09-13,VYBER,33600.00
817048.00,2779.00,2057-10-13,VYBER,32000.00
817049.00,2779.00,2057-11-13,VYBER,32000.00
817050.00,2779.00,2057-12-13,VYBER,32000.00
817051.00,2779.00,2058-01-13,VYBER,35200.00
817052.00,2779.00,2058-02-13,VYBER,33600.00
817053.00,2779.00,2058-03-13,VYBER,33600.00
817054.00,2779.00,2058-04-13,VYBER,34400.00
817055.00,2779.00,2058-05-13,VYBER,35200.00
817056.00,2779.00,2058-06-13,VYBER,32800.00
817057.00,2779.00,2058-07-13,VYBER,33600.00
817058.00,2779.00,2058-08-13,VYBER,36000.00
817059.00,2779.00,2058-09-13,VYBER,33600.00
817060.00,2779.00,2058-10-13,VYBER,32800.00
817061.00,2779.00,2058-11-13,VYBER,36800.00
817062.00,2779.00,2058-12-13,VYBER,32800.00
817063.00,2779.00,2059-01-13,VYBER,34400.00
817064.00,2779.00,2059-02-13,VYBER,32800.00
817065.00,2779.00,2059-03-13,VYBER,33600.00
817066.00,2779.00,2059-04-13,VYBER,34400.00
817067.00,2779.00,2059-05-13,VYBER,32800.00
817068.00,2779.00,2059-06-13,VYBER,35200.00
817069.00,2779.00,2059-07-13,VYBER,32800.00
817070.00,2779.00,2059-08-13,VYBER,32800.00
817071.00,2779.00,2059-09-13,VYBER,32800.00
817072.00,2779.00,2059-10-13,VYBER,35200.00
817073.00,2779.00,2059-11-13,VYBER,32800.00
817074.00,2779.00,2059-12-13,VYBER,32000.00
817075.00,2779.00,2060-01-13,VYBER,35200.00
817076.00,2779.00,2060-02-13,VYBER,33600.00
817077.00,2779.00,2060-03-13,VYBER,32000.00
817078.00,2779.00,2060-04-13,VYBER,32800.00
817079.00,2779.00,2060-05-13,VYBER,33600.00
817080.00,2779.00,2060-06-13,VYBER,34400.00
817081.00,2779.00,2060-07-13,VYBER,35200.00
817082.00,2779.00,2060-08-13,VYBER,35200.00
817083.00,2779.00,2060-09-13,VYBER,34400.00
817084.00,2779.00,2060-10-13,VYBER,36000.00
817085.00,2779.00,2060-11-13,VYBER,36000.00
817086.00,2779.00,2060-12-13,VYBER,32000.00
817087.00,2779.00,2061-01-13,VYBER,35200.00
817088.00,2779.00,2061-02-13,VYBER,32800.00
817089.00,2779.00,2061-03-13,VYBER,32800.00
817090.00,2779.00,2061-04-13,VYBER,35200.00
817091.00,2779.00,2061-05-13,VYBER,32800.00
817092.00,2779.00,2061-06-13,VYBER,32800.00
817093.00,2779.00,2061-07-13,VYBER,32800.00
817094.00,2779.00,2061-08-13,VYBER,32800.00
817095.00,2779.00,2061-09-13,VYBER,32800.00
817096.00,2779.00,2061-10-13,VYBER,32800.00
817097.00,2779.00,2061-11-13,VYBER,36000.00
817098.00,2779.00,2061-12-13,VYBER,36000.00
817099.00,2779.00,2062-01-13,VYBER,36000.00
817100.00,2779.00,2062-02-13,VYBER,36000.00
817101.00,2779.00,2062-03-13,VYBER,32800.00
817102.00,2779.00,2062-04-13,VYBER,32000.00
817103.00,2779.00,2062-05-13,VYBER,32000.00
817104.00,2779.00,2062-06-13,VYBER,34400.00
817105.00,2779.00,2062-07-13,VYBER,32000.00
817106.00,2779.00,2062-08-13,VYBER,34400.00
817107.00,2779.00,2062-09-13,VYBER,36800.00
817108.00,2779.00,2062-10-13,VYBER,32800.00
817109.00,2779.00,2062-11-13,VYBER,33600.00
817110.00,2779.00,2062-12-13,VYBER,33600.00
817111.00,2779.00,2063-01-13,VYBER,32800.00
817112.00,2779.00,2063-02-13,VYBER,33600.00
817113.00,2779.00,2063-03-13,VYBER,32000.00
817114.00,2779.00,2063-04-13,VYBER,34400.00
817115.00,2779.00,2063-05-13,VYBER,32800.00
817116.00,2779.00,2063-06-13,VYBER,32000.00
817117.00,2779.00,2063-07-13,VYBER,33600.00
817118.00,2779.00,2063-08-13,VYBER,34400.00
817119.00,2779.00,2063-09-13,VYBER,32800.00
817120.00,2779.00,2063-10-13,VYBER,34400.00
817121.00,2779.00,2063-11-13,VYBER,33600.00
817122.00,2779.00,2063-12-13,VYBER,32000.00
817123.00,2779.00,2064-01-13,VYBER,35200.00
817124.00,2779.00,2064-02-13,VYBER,34400.00
817125.00,2779.00,2064-03-13,VYBER,32800.00
817126.00,2779.00,2064-04-13,VYBER,33600.00
817127.00,2779.00,2064-05-13,VYBER,33600.00
817128.00,2779.00,2064-06-13,VYBER,33600.00
817129.00,2779.00,2064-07-13,VYBER,32800.00
817130.00,2779.00,2064-08-13,VYBER,32000.00
817131.00,2779.00,2064-09-13,VYBER,32000.00
817132.00,2779.00,2064-10-13,VYBER,32800.00
817133.00,2779.00,2064-11-13,VYBER,36800.00
817134.00,2779.00,2064-12-13,VYBER,32000.00
817135.00,2779.00,2065-01-13,VYBER,35200.00
817136.00,2779.00,2065-02-13,VYBER,34400.00
817137.00,2779.00,2065-03-13,VYBER,32800.00
817138.00,2779.00,2065-04-13,VYBER,32000.00
817139.00,2779.00,2065-05-13,VYBER,32000.00
817140.00,2779.00,2065-06-13,VYBER,32000.00
